{
  "utils/locate-reuse-libs-dbg.js": 1665768424815,
  "libs/UI5BarCodeReader/messageBundle/messagebundle_en_US.properties": 1633806110000,
  "libs/UI5BarCodeReader/messageBundle/messagebundle_pt_BR.properties": 1633806110000,
  "i18n/i18n.properties": 1665768424814,
  "controller/BaseController.js": 1665768424821,
  "libs/UI5BarCodeReader/quagga/quagga.min.js": 1633806110000,
  "libs/UI5BarCodeReader/models.js": 1667398195817,
  "libs/UI5BarCodeReader/BarCodeReader.js": 1633806110000,
  "utils/locate-reuse-libs.js": 1665768424815,
  "model/models.js": 1665768424817,
  "model/formatter.js": 1665768424828,
  "controller/Worklist.controller.js": 1665768424828,
  "controller/Object.controller.js": 1665768424826,
  "controller/NotFound.controller.js": 1665768424824,
  "controller/ErrorHandler.js": 1665768424822,
  "manifest.json": 1667399304274,
  "controller/App.controller.js": 1665768424818,
  "Component.js": 1665768424809,
  "Component-preload.js": 1667399305306,
  "controller/NotFound-dbg.controller.js": 1665768424824,
  "libs/UI5BarCodeReader/models-dbg.js": 1667398195817,
  "libs/UI5BarCodeReader/BarCodeReader-dbg.js": 1633806110000,
  "controller/Worklist-dbg.controller.js": 1665768424828,
  "controller/Object-dbg.controller.js": 1665768424826,
  "libs/UI5BarCodeReader/quagga/quagga.min-dbg.js": 1633806110000,
  "controller/ErrorHandler-dbg.js": 1665768424822,
  "controller/BaseController-dbg.js": 1665768424821,
  "controller/App-dbg.controller.js": 1665768424818,
  "libs/UI5BarCodeReader/messageBundle/messagebundle.properties": 1633806110000,
  "model/models-dbg.js": 1665768424817,
  "model/formatter-dbg.js": 1665768424828,
  "Component-dbg.js": 1665768424809,
  "libs/UI5BarCodeReader/style/style.css": 1633806110000,
  "libs/UI5BarCodeReader/README.md": 1633806110000,
  "view/Worklist.view.xml": 1667398282947,
  "view/ObjectNotFound.view.xml": 1665768424860,
  "view/Object.view.xml": 1665769767917,
  "view/NotFound.view.xml": 1665768424844,
  "view/App.view.xml": 1665768424828,
  "index.html": 1665768424811
}