{
  "model/formatter.js": 1665768424828,
  "controller/NotFound.controller.js": 1665768424824,
  "utils/locate-reuse-libs.js": 1665768424815,
  "model/models.js": 1665768424817,
  "i18n/i18n.properties": 1665768424814,
  "controller/Worklist.controller.js": 1665768424828,
  "controller/Object.controller.js": 1665768424826,
  "manifest.json": 1666480914053,
  "controller/ErrorHandler.js": 1665768424822,
  "controller/BaseController.js": 1665768424821,
  "controller/App.controller.js": 1665768424818,
  "Component.js": 1665768424809,
  "Component-preload.js": 1666480914321,
  "model/formatter-dbg.js": 1665768424828,
  "model/models-dbg.js": 1665768424817,
  "utils/locate-reuse-libs-dbg.js": 1665768424815,
  "controller/Worklist-dbg.controller.js": 1665768424828,
  "controller/Object-dbg.controller.js": 1665768424826,
  "controller/NotFound-dbg.controller.js": 1665768424824,
  "controller/ErrorHandler-dbg.js": 1665768424822,
  "controller/BaseController-dbg.js": 1665768424821,
  "controller/App-dbg.controller.js": 1665768424818,
  "Component-dbg.js": 1665768424809,
  "view/Worklist.view.xml": 1665769451385,
  "view/ObjectNotFound.view.xml": 1665768424860,
  "view/Object.view.xml": 1665769767917,
  "view/NotFound.view.xml": 1665768424844,
  "view/App.view.xml": 1665768424828,
  "index.html": 1665768424811
}